SkolaPositiv,Wellbeing
-1.1911892924288994,-0.6453543824047271
0.9185889014891522,0.7893151242949655
